image2_single/000000_10.png,disp_occ_0/000000_10.png
image2_single/000001_10.png,disp_occ_0/000001_10.png
image2_single/000002_10.png,disp_occ_0/000002_10.png
image2_single/000003_10.png,disp_occ_0/000003_10.png
image2_single/000004_10.png,disp_occ_0/000004_10.png
image2_single/000005_10.png,disp_occ_0/000005_10.png
image2_single/000006_10.png,disp_occ_0/000006_10.png
image2_single/000007_10.png,disp_occ_0/000007_10.png
image2_single/000008_10.png,disp_occ_0/000008_10.png
image2_single/000009_10.png,disp_occ_0/000009_10.png
image2_single/000010_10.png,disp_occ_0/000010_10.png
image2_single/000011_10.png,disp_occ_0/000011_10.png
image2_single/000012_10.png,disp_occ_0/000012_10.png
image2_single/000013_10.png,disp_occ_0/000013_10.png
image2_single/000014_10.png,disp_occ_0/000014_10.png
image2_single/000015_10.png,disp_occ_0/000015_10.png
image2_single/000016_10.png,disp_occ_0/000016_10.png
image2_single/000017_10.png,disp_occ_0/000017_10.png
image2_single/000018_10.png,disp_occ_0/000018_10.png
image2_single/000019_10.png,disp_occ_0/000019_10.png
image2_single/000020_10.png,disp_occ_0/000020_10.png
image2_single/000021_10.png,disp_occ_0/000021_10.png
image2_single/000022_10.png,disp_occ_0/000022_10.png
image2_single/000023_10.png,disp_occ_0/000023_10.png
image2_single/000024_10.png,disp_occ_0/000024_10.png
image2_single/000025_10.png,disp_occ_0/000025_10.png
image2_single/000026_10.png,disp_occ_0/000026_10.png
image2_single/000027_10.png,disp_occ_0/000027_10.png
image2_single/000028_10.png,disp_occ_0/000028_10.png
